,popularity_order_finished_work_pure,female_reader_popularity_order_finished_work_pure,male_reader_popularity_order_finished_work_pure,hit_order_finished_work_pure,popularity_order_finished_work_action,female_reader_popularity_order_finished_work_action,male_reader_popularity_order_finished_work_action,hit_order_finished_work_action,popularity_order_finished_work_sports,female_reader_popularity_order_finished_work_sports,male_reader_popularity_order_finished_work_sports,hit_order_finished_work_sports,popularity_order_finished_work_thrill,female_reader_popularity_order_finished_work_thrill,male_reader_popularity_order_finished_work_thrill,hit_order_finished_work_thrill,popularity_order_finished_work_fantasy,female_reader_popularity_order_finished_work_fantasy,male_reader_popularity_order_finished_work_fantasy,hit_order_finished_work_fantasy,popularity_order_finished_work_drama,female_reader_popularity_order_finished_work_drama,male_reader_popularity_order_finished_work_drama,hit_order_finished_work_drama,popularity_order_finished_work_daily,female_reader_popularity_order_finished_work_daily,male_reader_popularity_order_finished_work_daily,hit_order_finished_work_daily,popularity_order_finished_work_comic,female_reader_popularity_order_finished_work_comic,male_reader_popularity_order_finished_work_comic,hit_order_finished_work_comic,popularity_order_finished_work_sensibility,female_reader_popularity_order_finished_work_sensibility,male_reader_popularity_order_finished_work_sensibility,hit_order_finished_work_sensibility,popularity_order_finished_work_historical,female_reader_popularity_order_finished_work_historical,male_reader_popularity_order_finished_work_historical,hit_order_finished_work_historical,popularity_order_finished_work_episode,female_reader_popularity_order_finished_work_episode,male_reader_popularity_order_finished_work_episode,hit_order_finished_work_episode,popularity_order_finished_work_omnibus,female_reader_popularity_order_finished_work_omnibus,male_reader_popularity_order_finished_work_omnibus,hit_order_finished_work_omnibus,popularity_order_finished_work_story,female_reader_popularity_order_finished_work_story,male_reader_popularity_order_finished_work_story,hit_order_finished_work_story
1,이번 생도 잘 부탁해,이번 생도 잘 부탁해,이번 생도 잘 부탁해,[드라마원작] 유미의 세포들,100,싸이코 리벤지,100,소녀더와일즈,더 복서,더 복서,더 복서,더 복서,온에어,온에어,기묘한 만화,기기괴괴,갓 오브 하이스쿨,갓 오브 하이스쿨,갓 오브 하이스쿨,갓 오브 하이스쿨,나의 플랏메이트,나의 플랏메이트,별이삼샵,공복의 저녁식사,독립일기,독립일기,독립일기,2016 학교 다녀오겠습니다,죄송한데 주인공이세요?,죄송한데 주인공이세요?,죄송한데 주인공이세요?,낚시신공,연우의 순정,연우의 순정,연우의 순정,밥 먹고 갈래요?,화산귀환,화산귀환,화산귀환,화산귀환,독립일기,독립일기,독립일기,[드라마원작] 유미의 세포들,조조코믹스,조조코믹스,조조코믹스,기기괴괴,이번 생도 잘 부탁해,이번 생도 잘 부탁해,갓 오브 하이스쿨,스피릿 핑거스
2,조조코믹스,조조코믹스,조조코믹스,스피릿 핑거스,싸이코 리벤지,100,초인의 시대,인생존망,조석축구만화,조석축구만화,조석축구만화,그린보이,기묘한 만화,기묘한 만화,거래,악의는 없다,신의 탑,그 기사가 레이디로 사는 법,신의 탑,신의 탑,별이삼샵,여우놀이,리트리츠,복학왕,가우스전자,가우스전자,가우스전자,2017 사이다를 부탁해!,놓지마 정신줄,놓지마 정신줄,이말년씨리즈,마음의소리,밥 먹고 갈래요?,밥 먹고 갈래요?,밥 먹고 갈래요?,환생동물학교,비흔,문아,비흔,마루한 - 구현동화전,놓지마 정신줄,놓지마 정신줄,가우스전자,밥 먹고 갈래요?,기묘한 만화,기묘한 만화,이말년씨리즈,2015 소름,갓 오브 하이스쿨,나의 플랏메이트,이번 생도 잘 부탁해,갓 오브 하이스쿨
3,그들이 사귀는 세상,그들이 사귀는 세상,그들이 사귀는 세상,오!주예수여,초인의 시대,사신소년,투신전생기,전설의 레전드,라이징패스트볼,파도를 찾아라!,라이징패스트볼,파도를 찾아라!,거래,거래,침묵의 밤,후레자식,그 기사가 레이디로 사는 법,기사님을 지켜줘,갓트,하이브 1~2,여우놀이,별이삼샵,금수저,용이산다,즐거우리 우리네 인생,즐거우리 우리네 인생,한국만화 1990,독립일기,놓지마 정신줄 시즌2,놓지마 정신줄 시즌2,놓지마 정신줄,대학일기,다함께 이겨내요,다함께 이겨내요,다함께 이겨내요,겨울동화,용비불패 완전판,비흔,용비불패 완전판,비흔,가우스전자,놓지마 정신줄 시즌2,놓지마 정신줄,슈퍼 시크릿,이말년씨리즈,즐거우리 우리네 인생,기묘한 만화,2011 미스테리 단편,나의 플랏메이트,그들이 사귀는 세상,화산귀환,신의 탑
4,엔딩 후 서브남을 주웠다,엔딩 후 서브남을 주웠다,엔딩 후 서브남을 주웠다,[드라마원작] 내 ID는 강남미인!,투신전생기,몬스터,캐슬,부활남,그린보이,라이징패스트볼,그린보이,조석축구만화,침묵의 밤,그녀의 육하원칙,온에어,2015 소름,기사님을 지켜줘,신의 탑,지구식 구원자 전형,노블레스,금수저,금수저,하드캐리,마주쳤다,2020 최애캐의 MBTI,2020 최애캐의 MBTI,하루 3컷,아기낳는만화,이말년씨리즈,모죠의 일지,놓지마 정신줄 시즌2,놓지마 정신줄,환생동물학교,환생동물학교,환생동물학교,우리집에 곰이 이사왔다,천국의 신화,용비불패 완전판,천국의 신화,용비불패 완전판,놓지마 정신줄 시즌2,가우스전자,한림체육관,내 ID는 강남미인! - 둘만의 시간,미물,미물,미물,2015 사이,그들이 사귀는 세상,엔딩 후 서브남을 주웠다,신의 탑,하이브 1~2
5,재혼 황후,재혼 황후,찌질하지만 로맨스는 하고 싶어,이번 생도 잘 부탁해,캐슬,정글쥬스,싸이코 리벤지,폭풍의 전학생,파도를 찾아라!,그린보이,군주,라이징패스트볼,그녀의 육하원칙,침묵의 밤,미물,폰령,지구식 구원자 전형,화이트 블러드,고수,스퍼맨 시즌1,리트리츠,시벨롬 리스트,나의 플랏메이트,[드라마원작] 한번 더 해요,한국만화 1990,한국만화 1990,골방환상곡,천적,모죠의 일지,2022 서브병에 빠지다!,마음의소리,야부리맨,플랫다이어리,플랫다이어리,일편단심화,오늘도 핸드메이드!,천국의 신화 6부,천국의 신화,천국의 신화 6부,혈투,한림체육관,모죠의 일지,놓지마 정신줄 시즌2,마음의소리,즐거우리 우리네 인생,이말년씨리즈,2020 호랑 공포 단편선,2017 사이다를 부탁해!,화산귀환,재혼 황후,100,오!주예수여
6,구남친이 내게 반했다,구남친이 내게 반했다,"나를 길들여 봐, 차비서",슈퍼 시크릿,사신소년,투신전생기,사신소년,상중하,군주,리턴,파도를 찾아라!,미드나잇 체이서,미물,미물,존망코인,2011 미스테리 단편,화이트 블러드,신과함께,뫼신 사냥꾼,고수,시벨롬 리스트,정년이,내과 박원장,공주는 잠 못 이루고,하루 3컷,일상날개짓,터치! 메리크리스마스,하루 3컷,2022 서브병에 빠지다!,대학일기,조선왕조실톡,달수 이야기,일편단심화,모퉁이 뜨개방,플랫다이어리,홍차리브레,마루한 - 구현동화전,천국의 신화 6부,마루한 - 구현동화전,천국의 신화,모죠의 일지,2022 서브병에 빠지다!,마음의소리,대학일기,2020 호랑 공포 단편선,2020 호랑 공포 단편선,덴마,귀도,엔딩 후 서브남을 주웠다,갓 오브 하이스쿨,죄송한데 주인공이세요?,악의는 없다
7,"나를 길들여 봐, 차비서","나를 길들여 봐, 차비서",구남친이 내게 반했다,내 ID는 강남미인! - 둘만의 시간,죽지 않으려면,한림체육관,죽지 않으려면,사신소년,불릿 6미리,불릿 6미리,불릿 6미리,군주,2022 스크롤금지,더 나우,2020 호랑 공포 단편선,귀도,갓트,지구식 구원자 전형,만렙돌파,신과함께,"저무는 해, 시린 눈","저무는 해, 시린 눈",특수청소,평범한 8반,달콤한 인생,달콤한 인생,즐거우리 우리네 인생,엄마와 딸 x2,조선왕조실톡,조선왕조실톡,선천적 얼간이들,연애의 정령,모퉁이 뜨개방,우리집에 곰이 이사왔다,움비처럼,소녀 연대기,문아,조선방랑야사,삵의 발톱,천국의 신화 6부,2022 서브병에 빠지다!,2022 그걸 네가 왜!,조선왕조실톡,놓지마 정신줄,놓정동화,고등단편.zip,하루 3컷,2016 비명,신의 탑,온에어,별이삼샵,공복의 저녁식사
8,미혼남녀의 효율적 만남,미혼남녀의 효율적 만남,재혼 황후,2015 사이,한림체육관,죽지 않으려면,한림체육관,검은인간,미드나잇 체이서,미드나잇 체이서,미드나잇 체이서,불릿 6미리,안개무덤,2022 스크롤금지,2022 스크롤금지,2016 비명,신과함께,골든 체인지,신과함께,이런 영웅은 싫어,정년이,칼가는 소녀,"2021 최애캐 안녕, 잘 지내니?",여중생A,일상날개짓,소장,2020 최애캐의 MBTI,아랫집 시누이,마음의소리,이말년씨리즈,이말년씨리즈 2018,조선왕조실톡,우리집에 곰이 이사왔다,마음의 숙제,모퉁이 뜨개방,1인용 기분,삵의 발톱,마루한 - 구현동화전,혈투,문아,"2021 최애캐 안녕, 잘 지내니?",칼가는 소녀,"2021 최애캐 안녕, 잘 지내니?",인생존망,이말년씨리즈 2018,소장,이말년씨리즈 2018,놓정동화,죄송한데 주인공이세요?,구남친이 내게 반했다,초인의 시대,복학왕
9,빨간맛 로맨스,빨간맛 로맨스,미혼남녀의 효율적 만남,오늘도 사랑스럽개,경비 배두만,캐슬,경비 배두만,테러맨,리턴,군주,리턴,리턴,미신,안개무덤,미신,조의 영역,뫼신 사냥꾼,마계인섬,노블레스,하이브 3,"2021 최애캐 안녕, 잘 지내니?","2021 최애캐 안녕, 잘 지내니?",예쁜 사나이,찌질의 역사,소장,2017 사이다를 부탁해!,모두에게 완자가,오늘 밤은 어둠이 무서워요,대학일기,마음의소리,대학일기,오늘도 형제는 평화롭다,마음의 숙제,다시 또 봄,다시 또 봄,모퉁이 뜨개방,묵회,묵회,묵회,왕으로 살다,2022 그걸 네가 왜!,"2021 최애캐 안녕, 잘 지내니?",인생존망,2016 학교 다녀오겠습니다,하루 3컷,2017 사이다를 부탁해!,죽음에 관하여,죽음에 관하여,재혼 황후,화산귀환,투신전생기,낚시신공
10,불편한 관계,불편한 관계,불편한 관계,철벽! 연애 시뮬레이션,몬스터,초인의 시대,테러대부활,캐슬,,,,,더 나우,오버더문,안개무덤,[드라마원작] 스위트홈,고수,그녀는 가면을 쓴다,그 기사가 레이디로 사는 법,나노리스트,칼가는 소녀,리트리츠,"저무는 해, 시린 눈",금수저,2017 사이다를 부탁해!,낢이 사는 이야기,노곤하개,골방환상곡,놓정동화,수능일기,2022 서브병에 빠지다!,놓정동화,다시 또 봄,오늘도 핸드메이드!,우리집에 곰이 이사왔다,연우의 순정,혈투,흐드러지다,문아,"아이소포스 1, 2부",조선왕조실톡,대학일기,쇼미더럭키짱!,조선왕조실톡,고등단편.zip,놓정동화,놓정동화,싸우자귀신아,별이삼샵,"나를 길들여 봐, 차비서",캐슬,후레자식
11,해시의 신루,해시의 신루,빨간맛 로맨스,바른연애 길잡이,정글쥬스,더 퀸즈,몬스터,비질란테,,,,,2020 호랑 공포 단편선,미신,민간인 통제구역,2018 재생금지,만렙돌파,잉여특공대,개장수,사이드킥 2~3,하드캐리,와이키키 뱀파이어,복학왕,일등당첨,낢이 사는 이야기,노곤하개,2017 사이다를 부탁해!,노곤하개,이말년씨리즈 2018,놓정동화,놓정동화,웃지 않는 개그반 시즌1~2,오늘도 핸드메이드!,일편단심화,마음의 숙제,그린스마일,조선방랑야사,혈투,봉이 김선달,흐드러지다,칼가는 소녀,조선왕조실톡,선천적 얼간이들,오늘도 형제는 평화롭다,소장,살人스타그램,금요일 베스트,입시명문사립 정글고등학교,온에어,여우놀이,싸이코 리벤지,용이산다
12,희란국연가,희란국연가,해시의 신루,언터처블,테러대부활,테러대부활,정글쥬스,신석기녀,,,,,오버더문,마스크걸,그녀의 육하원칙,데드데이즈(DEAD DAYS),마계인섬,숲속의 담,트리니티 원더,어빌리티,내과 박원장,라면 대통령,왕따협상,패션왕,노곤하개,닥터앤닥터 육아일기,"2014 네이버 웹툰, 왓 이프?",2020 최애캐의 MBTI,수능일기,역전! 야매요리,폭탄주먹 변대장,수능일기,안녕 나의 모모로,안녕 나의 모모로,안녕 나의 모모로,다함께 이겨내요,봉이 김선달,행운소년소녀,조선방랑야사,아이소포스 3부,마음의소리,밥 먹고 갈래요?,골방환상곡,썸남,2017 사이다를 부탁해!,이말년씨리즈 2018,기기괴괴,귀전구담,100,그 기사가 레이디로 사는 법,거래,마주쳤다
13,남주서치,남주서치,힙한남자,[드라마원작] 간 떨어지는 동거,더 퀸즈,경비 배두만,더 퀸즈,한림체육관,,,,,마스크걸,2020 호랑 공포 단편선,머니게임,심연의 하늘 시즌 1~3,골든 체인지,오른눈이 보는 세계,기사님을 지켜줘,다이스(DICE),와이키키 뱀파이어,구주,라면 대통령,좀비딸,골방환상곡,하루 3컷,달콤한 인생,한 살이라도 어릴 때,역전! 야매요리,이말년씨리즈 2018,트라우마,입시명문사립 정글고등학교,나의 첫번째 새벽,나의 첫번째 새벽,겨울동화,마음의 숙제,흐드러지다,"아이소포스 1, 2부",흐드러지다,삵의 발톱,대학일기,2020 최애캐의 MBTI,대학일기,2D남친 별책부록,죽음에 관하여,기기괴괴,입시명문사립 정글고등학교,남기한엘리트만들기,구남친이 내게 반했다,미혼남녀의 효율적 만남,사신소년,[드라마원작] 한번 더 해요
14,사랑의 헌옷수거함,사랑의 헌옷수거함,이두나!,2D남친 별책부록,광장,인생존망,광장,초인의 시대,,,,,존망코인,[드라마원작] 지금 우리 학교는,제타,절벽귀,노블레스,신이 담긴 아이,덴마,미라클! 용사님,예쁜 사나이,예쁜 사나이,죽음에 관하여,우리 헤어졌어요,닥터앤닥터 육아일기,모두에게 완자가,낢이 사는 이야기,잡다한컷,선천적 얼간이들,닭강정,입시명문사립 정글고등학교,네이버 앱피소드,겨울동화,드로잉 레시피,여고생 임연수,플랫다이어리,"아이소포스 1, 2부",왕으로 살다,"아이소포스 1, 2부",오성X한음,밥 먹고 갈래요?,2D남친 별책부록,회춘,독립일기,기기괴괴,굿 리스너,2011 미스테리 단편,2015 루키 단편선,"나를 길들여 봐, 차비서",빨간맛 로맨스,죽지 않으려면,[드라마원작] 내 ID는 강남미인!
15,좋은데 어떡해,좋은데 어떡해,남주서치,낮에 뜨는 달,인생존망,말박왕,인생존망,투신전생기,,,,,[드라마원작] 지금 우리 학교는,살人스타그램,아일랜드 1부,타인지옥 - 연쇄살묘사건,신이 담긴 아이,하우스키퍼,강남도깨비,열렙전사,라면 대통령,오!너의 리스크,여우놀이,썸남,터치! 메리크리스마스,자취로운 생활,닥터앤닥터 육아일기,혈액형에 관한 간단한 고찰,와라! 편의점,여탕보고서,모죠의 일지,2019 병영일기,드로잉 레시피,겨울동화,그린스마일,진눈깨비 소년,한섬세대,삵의 발톱,한섬세대,한섬세대,2020 최애캐의 MBTI,2019 루키 단편선,2022 서브병에 빠지다!,수능일기,덴마,하루 3컷,삼국전투기,덴마,여우놀이,죄송한데 주인공이세요?,리트리츠,이번 생도 잘 부탁해
16,힙한남자,꽃 피우는 남자,2022 그걸 네가 왜!,구구까까,헬퍼,광장,헬퍼,일진에게 회초리,,,,,제타,제타,방탈출,컨트롤제트,하우스키퍼,이런 영웅은 싫어,신이 담긴 아이,전자오락수호대,주욱 같은 하루,2019 루키 단편선,찌질의 역사,남과 여,모두에게 완자가,나는 귀머거리다,혈액형에 관한 간단한 고찰,부부생활,닭강정,소년들은 무엇을 하고 있을까,삼국전투기,놓지마 정신줄 시즌2,진눈깨비 소년,진눈깨비 소년,오늘도 핸드메이드!,일편단심화,아이소포스 3부,봉이 김선달,아이소포스 3부,묵회,2D남친 별책부록,[드라마원작] 유미의 세포들,2022 그걸 네가 왜!,네이버 앱피소드,살人스타그램,죽음에 관하여,즐거우리 우리네 인생,소곤소곤,그 기사가 레이디로 사는 법,불편한 관계,침묵의 밤,폰령
17,꽃 피우는 남자,당신의 여자가 되고 싶어요,바른연애 길잡이,완벽한 허니문,쇼미더럭키짱!,저세상 클라스!,쇼미더럭키짱!,광장,,,,,민간인 통제구역,나 홀로 섬에,[드라마원작] 지금 우리 학교는,미래소녀,그녀는 가면을 쓴다,빙탕후루,하우스키퍼,아메리카노 엑소더스,구주,프린스 메이커,모태솔로수용소,죽음에 관하여,자취로운 생활,터치! 메리크리스마스,스마트폰 게임 개발 이야기,나는 귀머거리다,폭탄주먹 변대장,와라! 편의점,와라! 편의점,오빠 왔다,움비처럼,홍차리브레,소녀 연대기,우리는 요정!,왕으로 살다,한섬세대,오성X한음,조선방랑야사,[드라마원작] 유미의 세포들,일상날개짓,트라우마,빨간책,금요일 베스트,단편.zip,마루한 - 구현동화전,DEY 호러채널,금수저,해시의 신루,갓트,노블레스
18,2022 그걸 네가 왜!,힙한남자,희란국연가,투명한 동거,신도림,쇼미더럭키짱!,신도림,신도림,,,,,방탈출,기기괴괴,파이게임,마스크걸,덴마,스퍼맨4 : 전하지 못한 이야기,히트포인트,신의 언어,[드라마원작] 한번 더 해요,[드라마원작] 한번 더 해요,주욱 같은 하루,모태솔로수용소,나는 귀머거리다,골방환상곡,텍사스홀덤,패밀리 사이즈,사실 마법이었던 거임,12차원 소년들,이말년 서유기,역전! 야매요리,1인용 기분,1인용 기분,나의 첫번째 새벽,안녕 나의 모모로,행운소년소녀,오성X한음,왕으로 살다,봉이 김선달,2019 루키 단편선,달콤한 인생,살인자o난감,2019 병영일기,2011 미스테리 단편,2015 소름,아스란영웅전,천적,미혼남녀의 효율적 만남,별이삼샵,금수저,공주는 잠 못 이루고
19,당신의 여자가 되고 싶어요,2022 그걸 네가 왜!,짝사랑의 유서,윈터우즈,말박왕,신도림,쌈빡,MZ,,,,,머니게임,방탈출,극야,빨간책,개장수,뫼신 사냥꾼,그 판타지 세계에서 사는 법,문유,오!너의 리스크,내과 박원장,회춘,싸우자귀신아,혈액형에 관한 간단한 고찰,돼지만화,돼지만화,낢 부럽지 않은 신혼여행기,소년들은 무엇을 하고 있을까,사실 마법이었던 거임,낚시신공,선천적 얼간이들,홍차리브레,소녀 연대기,진눈깨비 소년,나의 첫번째 새벽,오성X한음,아이소포스 3부,행운소년소녀,행운소년소녀,인생존망,내 여자친구는 상남자,터치! 메리크리스마스,놓지마 정신줄 시즌2,굿 리스너,12차원 소년들,2013 전설의고향,하루 3컷,거래,희란국연가,지구식 구원자 전형,스퍼맨 시즌1
20,"대공님, 실수였어요!","대공님, 실수였어요!",[드라마원작] 유미의 세포들,재혼 황후,쌈빡,부활남,말박왕,폭풍의 전학생 - 리부트,,,,,아일랜드 1부,모텔 304호,금요일 베스트,마야고,잉여특공대,노블레스,문유,천년구미호,프린스 메이커,주욱 같은 하루,무한동력,이제 곧 죽습니다,돼지만화,한 살이라도 어릴 때,나는 귀머거리다,"2014 네이버 웹툰, 왓 이프?",이말년 서유기,"주님, 악마가 되게 해주세요!",사실 마법이었던 거임,이말년 서유기,소녀 연대기,미스테리오소,1인용 기분,멍순이,,,,,달콤한 인생,낢이 사는 이야기,모죠의 일지,오빠 왔다,2015 소름,2015 사이,욕망일기,2013 전설의고향,빨간맛 로맨스,금수저,경비 배두만,소녀더와일즈
21,짝사랑의 유서,짝사랑의 유서,"대공님, 실수였어요!",핑크레이디,비질란테,소녀더와일즈,비질란테,돌아온 럭키짱,,,,,나 홀로 섬에,살인자o난감,기기괴괴,인간의 숲,강남도깨비,갓트,마계인섬,버닝헬,2019 루키 단편선,위대한 유산,사이코패스 히어로,Ho!,"2014 네이버 웹툰, 왓 이프?",혈액형에 관한 간단한 고찰,일상날개짓,우바우,트라우마,폭탄주먹 변대장,가슴털 로망스,[드라마원작] 쌉니다 천리마마트,여고생 임연수,움비처럼,드로잉 레시피,드로잉 레시피,,,,,일상날개짓,마음의소리,와라! 편의점,회춘,단편.zip,2011 미스테리 단편,천리마 네버다이,이말년씨리즈,불편한 관계,남주서치,온에어,고수
22,바른연애 길잡이,바른연애 길잡이,사랑의 헌옷수거함,좋아하는 부분,부활남,헬퍼,쎈놈,죽지 않으려면,,,,,기기괴괴,존망코인,아일랜드 2부,저승에서 만난 사람들,트리니티 원더,둥굴레차!,마법사랑해,고고고,특수청소,하드캐리,평범한 8반,목욕의 신,한 살이라도 어릴 때,"2014 네이버 웹툰, 왓 이프?",소장,일상날개짓,입시명문사립 정글고등학교,선천적 얼간이들,수능일기,트라우마,미스테리오소,여고생 임연수,홍차리브레,징글정글,,,,,수능일기,수능일기,조석축구만화,역전! 야매요리,2013 전설의고향,한 살이라도 어릴 때,싸우자귀신아,마루한 - 구현동화전,싸이코 리벤지,시벨롬 리스트,테러대부활,야부리맨
23,찌질하지만 로맨스는 하고 싶어,홍천기,오피스 누나 이야기,녹두전,쎈놈,비질란테,블러드레인2: 천외천,정글쥬스,,,,,살人스타그램,아일랜드 1부,나 홀로 섬에,귀전구담,숲속의 담,문유,아이레,덴마,위대한 유산,고등단편.zip,[드라마원작] 한번 더 해요,손의 흔적,아랫집 시누이,아랫집 시누이,자취로운 생활,생활의참견,여탕보고서,이말년 서유기,천리마 네버다이,공감.jpg,그린스마일,길에서 만나다,미스테리오소,다시 또 봄,,,,,회춘,혀로 만난 사이,빙탕후루,선천적 얼간이들,입시명문사립 정글고등학교,금요일 베스트,귀도,우리들은 푸르다,해시의 신루,거래,몬스터,평범한 8반
24,이두나!,모락모락 왕세자님,[드라마원작] 알고있지만,귀각시,돌아온 럭키짱,신석기녀,부활남,데드라이프,,,,,살인자o난감,2015 소름,살인자o난감,10월 28일,문유,스퍼맨 시즌1,아르세니아의 마법사,라크리모사,왕따협상,땅 보고 걷는 아이,시벨롬 리스트,맘마미안,아기낳는만화,아기낳는만화,생활의참견,와장창창! 자취맨,12차원 소년들,SM 플레이어,닭강정,공대생 너무만화,길에서 만나다,"안녕, 나는 너를 좋아해",보에,움비처럼,,,,,낢이 사는 이야기,한림체육관,[드라마원작] 유미의 세포들,3인칭,12차원 소년들,2013 전설의고향,2015 소름,조조코믹스,초인의 시대,그녀의 육하원칙,정글쥬스,여중생A
25,홍천기,흑막 여주가 날 새엄마로 만들려고 해,오늘도 사랑스럽개,그래서 나는 안티팬과 결혼했다,블러드레인2: 천외천,돌아온 럭키짱,돌아온 럭키짱,격투기특성화사립고교 극지고,,,,,모텔 304호,머니게임,2011 미스테리 단편,[드라마원작] 지금 우리 학교는,빙탕후루,강남도깨비,하이브 1~2,레사 시즌2~3,복학왕,공복의 저녁식사,패션왕,연의 편지,웅이는 배고파,웅이는 배고파,한국만화거장전,아이키우는만화,2019 병영일기,푸들과 Dog거중,2019 병영일기,웃지 않는 개그반 시즌3,보에,보에,우리는 요정!,길에서 만나다,,,,,내 여자친구는 상남자,노곤하개,칼가는 소녀,한림체육관,귀도,귀도,우리들은 푸르다,욕망일기,침묵의 밤,사랑의 헌옷수거함,그들이 사귀는 세상,달수 이야기
26,모락모락 왕세자님,어차피 남편은!,좋은데 어떡해,이두나!,소녀더와일즈,집사레인저,김왕짱,헬퍼,,,,,파이게임,니나의 마법서랍,식인귀,소곤소곤,오른눈이 보는 세계,스퍼맨 시즌2,캉타우,소울카르텔,땅 보고 걷는 아이,왕따협상,남과 여,안나라수마나라,낢 부럽지 않은 신혼여행기,낢 부럽지 않은 신혼여행기,고시생툰,터치! 메리크리스마스,공감.jpg,공감.jpg,소년들은 무엇을 하고 있을까,이말년씨리즈,"안녕, 나는 너를 좋아해",그린스마일,길에서 만나다,미스테리오소,,,,,노곤하개,역전! 야매요리,2020 최애캐의 MBTI,트라우마,욕망일기,2012 지구가 멸망한다면?,오민혁 단편선,오민혁 단편선,투신전생기,기사님을 지켜줘,고수,오늘도 사랑스럽개
27,어차피 남편은!,이두나!,당신의 여자가 되고 싶어요,열일곱,신석기녀,쌈빡,인간대전,크레이터,,,,,금요일 베스트,일상이 무너졌다,더 나우,DEY 호러채널,스퍼맨4 : 전하지 못한 이야기,2012 지구가 멸망한다면?,소울카르텔,개장수,찌질의 역사,여주실격!,칼가는 소녀,회춘,고시생툰,오늘 밤은 어둠이 무서워요,아프니까 병원이다,달콤한 인생,삼국전투기,네이버 앱피소드,역전! 야매요리,여탕보고서,우리는 요정!,우리는 요정!,징글정글,"안녕, 나는 너를 좋아해",,,,,골방환상곡,겟백,수능일기,공감.jpg,"2014 네이버 웹툰, 왓 이프?",2017 루키 단편선,2017 사이다를 부탁해!,2017 멋진 신세계,리트리츠,신의 탑,뫼신 사냥꾼,전설의 레전드
28,흑막 여주가 날 새엄마로 만들려고 해,스피릿 핑거스,낮에 뜨는 달,결계녀,김왕짱,검은인간,테러맨,삼매경,,,,,식인귀,식인귀,신림/남/22,머니게임,이런 영웅은 싫어,스퍼맨3: 현자단의 역습,어빌리티,파도의 주인,무한동력,겟백,정년이,남기한엘리트만들기,오늘 밤은 어둠이 무서워요,사소한 냐냐,한 살이라도 어릴 때,고시생툰,낚시신공,오빠 왔다,우리들은 푸르다,우리들은 푸르다,징글정글,멍순이,멍순이,여고생 임연수,,,,,역전! 야매요리,닥터앤닥터 육아일기,밥 먹고 갈래요?,화장 지워주는 남자,오민혁 단편선,"2014 네이버 웹툰, 왓 이프?",살人스타그램,금요일 베스트,희란국연가,화이트 블러드,더 퀸즈,신과함께
29,스피릿 핑거스,팔려 온 신부,한남동 케이하우스,우리 오빠는 아이돌,테러맨,테러맨,격투기특성화사립고교 극지고,MZ-퓨어 이블,,,,,아일랜드 2부,아일랜드 2부,모텔 304호,감염자,그 판타지 세계에서 사는 법,신령,화이트 블러드,스퍼맨3: 현자단의 역습,고등단편.zip,달콤한 인생_스페셜 에피소드,요리GO,2015 루키 단편선,사소한 냐냐,판다독,아랫집 시누이,스마일브러시,가슴털 로망스,달수 이야기,공감.jpg,와라! 편의점,멍순이,징글정글,"안녕, 나는 너를 좋아해",보에,,,,,혀로 만난 사이,내 ID는 강남미인! - 둘만의 시간,2019 병영일기,엄마와 딸 x2,봐선 안되는 것,봐선 안되는 것,"2014 네이버 웹툰, 왓 이프?",이말년씨리즈 2018,캐슬,좋은데 어떡해,만렙돌파,연애의 정령
30,팔려 온 신부,2D남친 별책부록,홍천기,유미의 세포들 외전 : 프로 직장인,인간대전,킬러방 : 퍼스트 킬,들개,킬러분식,,,,,2011 미스테리 단편,2011 미스테리 단편,타인은 지옥이다,2013 전설의고향,히트포인트,만렙돌파,빙탕후루,지새는 달,죽음에 관하여,무한동력,구주,3인칭,생활의참견,고시생툰,우바우,자취로운 생활,"주님, 악마가 되게 해주세요!",오늘의 순정망화,심심한 마왕,프린스의 왕자,,,,,,,,,선천적 얼간이들,회춘,소년들은 무엇을 하고 있을까,일진에게 회초리,2012 지구가 멸망한다면?,2016 비명,연,공부하기 좋은 날,남주서치,정년이,하드캐리,찌질의 역사
